,problem_id,year,month,week,논제
20,20220303,2022,3월,3주차,"[3월 3회차 인문 기초]
【논제】 다음 제시문을 요약하시오. (100자 내외)
 사람들은 성장하면서 가정, 학교, 사회로부터 무엇이 좋고 무엇은 좋지 않으며, 어떤 행동은 칭
찬받을 만한 것이라는 것을 배운다. 때로는 실제로 좋은 일, 칭찬받을 만한 일을 봄으로써 그것
들을 배우기도 한다. 우리는 그런 식으로 ‘생명의 존엄성’, ‘다수의 행복’ 등과 같은 가치를 배우
는 것이다. 이 과정은 당연히 믿음, 관습 등에 크게 좌우되는데, 이런 것들은 만고불변의 것이
아니라 계속 변화한다. 예를 들어 조선시대와 현대는 분명히 서로 다른 믿음, 관습을 지니고 있
다. 그런데 그처럼 조선시대와 다른 현대의 믿음, 관습에 바로 과학의 개념과 이론, 그리고 그것
들의 변화가 영향을 준 것이다. 조선시대 이후 받아들인 코페르니쿠스의 지동설이나 다윈의 진화
론, 그리고 프로이트 심리학 같은 것들이 현대 우리의 합리적 가치관에 영향을 준 것은 분명하
다."
18,20220304,2022,3월,4주차,"【논제】 다음 제시문을 요약하시오. (130자 내외)
 우리 시대 이전에는 자연에 대한 인간의 침해가 표면적이었으며, 자연의 확고한 균형 상태를
파괴하기에는 미약하였다. 그러나 오늘날의 과학 기술은 무한한 진보를 거쳐 자연을 파괴하였으
며, 이제 인류의 생존 자체를 위협하기에 이르렀다. 따라서 과학 기술이라는 권력을 무비판적으
로 사용함으로써 그것이 인간 자신에게 불행을 끼치지 않도록 통제를 통하여 자신의 권력을 제
어할 수 있는 새로운 윤리학을 요청한다.
 무엇이 윤리의 나침반 역할을 할 수 있는가? 그것은 바로 미리 사유된 위험 자체이다. 전쟁의
처참함을 알지 못하면서 평화를 찬양할 수 있는가? 우리는 원하는 것보다 원하지 않는 것을 더
잘 안다. 그러므로 우리가 실제로 무엇을 보호해야 하는가를 알아내기 위해서 우리의 희망보다는
공포로부터 논의를 시작할 필요가 있다. 미래에 있을 수 있는 심상치 않은 상황 변화, 위험이 미
칠 수 있는 전 지구적 범위, 그리고 인간의 몰락 과정에 대한 징조를 통해서 비로소 윤리적 원
리들이 발견될 수 있다. 이러한 원리들로부터 새로운 권력에 대한 의무들이 도출될 수 있다. 나
는 이것을 ‘공포의 발견술’이라고 명명하고자 한다. 미리 예견된 인간의 왜곡은 우리로 하여금 이
러한 왜곡으로부터 보존해야 할 인간의 개념을 찾을 수 있도록 도와준다. 미래에 닥쳐올 공포와
재난을 미리 발견하여 그에 대한 책임감 있는 대안을 마련할 필요가 있다. 두려움과 경외감을
포함하는 책임감이 행위의 중요한 동기가 될 수 있다.
 우리가 어떤 일을 해야 하는지, 혹은 어떤 일을 해도 되는지를 결정하기 전에 먼저 우리가 하
는 일이 먼 훗날 어떤 결과를 가져올지 심사숙고할 필요가 있다. 또한, 재앙이나 참사를 미리 염
려해 우리 스스로 막강한 권력을 제어해야 한다. 미래의 사태를 악화시키지 않는 것이 바로 우
리 세대의 책임이기 때문이다."
17,20220305,2022,3월,5주차,"【논제】 다음 제시문을 요약하시오. (200자 내외)
 사람들이 모여 살아가는 곳에서는 갈등과 그것을 해결하려는 노력이 항상 존재한다. 갈등을 해
결하려면 관련된 모든 사람이 열린 마음으로 진지하게 대화하고 타협하는 의사소통의 과정이 필
요하다. 사회 구성원 간의 의사소통이 잘 이루어지려면 구성원 간에 합리성을 공유해야 한다. 담
론의 중요성을 강조한 하버마스는 이러한 합리성을 의사소통적 이성이라고 하였다.
 의사소통적 이성을 발휘하여 바람직한 의사소통을 하려면 이를 향상하기 위한 대화와 토론을
활성화해야 한다. 또한, 모든 사람이 대화와 토론에 항상 참여할 수 있도록 제도적 장치를 마련
해야 한다. 이러한 노력으로 의사소통이 바람직하게 이루어지면 참여자들은 스스로 서로의 주장
을 인정하고 합의한 사항을 지키게 된다. 이와 같은 화해와 자율 정신은 현실 사회를 비판적이
면서도 건설적으로 바라볼 수 있게 한다. 또한, 의사소통의 과정에서 드러난 왜곡된 부분을 바로
잡아 자유로운 의사소통을 할 수 있도록 돕고 사회가 발전하는 원동력으로 작용한다.
 우리 사회에서 이루어지는 대부분의 일은 대화와 토론, 즉 의사소통으로 형성되고 유지되므로
사회 구성원의 의사소통 행위는 윤리와 떼려야 뗄 수 없는 관계이다. 다시 말해, 바람직한 방향
으로 의사소통이 이루어지면 우리 사회가 옳은 방향으로 나아가지만, 왜곡된 의사소통이 이루어
지면 그 반대의 방향으로 가게 된다. 따라서, 윤리적 기준에 근거하여 의사소통을 원활하게 해나
가야 한다.
 그러나 우리는 자유롭고 평등하게 대화에 참여한다고 말하지만, 권력과 돈의 위력 등 외부의
압력으로 자신이 하고 싶은 주장이나 반론을 하지 못하는 경우가 있다. 또한, 상대방의 말을 왜
곡하여 자신에게 유리하게 몰아가고, 거짓을 진실인 것처럼 호도하는 경우도 볼 수 있다. 이처럼
윤리적인 기준을 무시하는 왜곡된 담화는 화해와 평화가 아니라 갈등의 심화와 분쟁을 초래한다."
10,20220401,2022,4월,1주차,"【논제】 다음 제시문을 요약하시오. (120자 내외)
소크라테스: 나는 이런 이야기를 들었네. 이집트 나우크라티스 지방에 테우트라는 신이 있었는
데, 이 신은 숫자와 계산법, 기하학, 천문학은 물론이고, 장기와 주사위 놀이, 게다가 문자까지
발명했다고 하네. 어느 날 테우트는 이집트의 왕인 타무스를 찾아가 자신이 만든 기술들을 보
여주면서 이집트 사람들에게 그 기술들을 보급해야 한다고 말했네. 왕은 그 기술 하나하나에
어떤 유익함이 있는지 물었고, 테우트는 상세히 설명했지. 그런데 대화가 문자에 이르자, 테우
트가 이렇게 말했다네. “왕이여, 이 배움은 이집트 사람들을 더욱 지혜롭게 하고 기억력을 높
여줄 것입니다. 왜냐하면 그것은 기억과 지혜의 묘약으로 발명된 것이니까요.” 그러자 타무스
가 이렇게 대답했네. “기술이 뛰어난 테우트여. 그대는 문자의 아버지로서 그것에 대해 선의를
품고 있기에 그렇게 말하겠지만, 내 생각은 정반대요. 왜냐하면 문자는 그것을 배운 사람들로
하여금 기억에 무관심하게 해서 그들의 영혼 속에 망각을 낳아, 그들은 글에 대한 믿음 탓에
바깥에 있는 흔적에 의존할 뿐 스스로 기억해 내려하지 않기 때문이오. 그러니 당신이 발명한
것은 기억의 묘약이 아니라 상기의 묘약이고, 그대가 제자들에게 주는 것은 지혜의 겉모양이
지 참모습이 아니라오. 그들은 그대 덕분에 많은 것을 듣게 되고, 자신들이 많이 안다고 생각
하겠지만 사실 대부분 그들은 무지하고 누군가를 상대하는 데도 어려움이 있을 것이니 그들은
진정으로 지혜로운 자가 아니라 겉보기에 지혜로운 자일뿐이요.” 그러니 기술을 문자에 담아
남긴다고 생각하는 사람은 물론, 문자로부터 무언가 명확하고 확실함이 생겨나리라는 생각에
그것을 받아들이는 사람은 참으로 어리석은 사람일세. 그는 글로 쓰인 말들이 이미 앎을 가진
사람에게 상기시키는 것 이상의 일을 한다고 착각하고 있기 때문이네.
파이드로스: 지당한 말씀입니다.
소크라테스: 글쓰기에는 뭔가 이런 기이한 점이 있으니, 사실 그것은 그림 그리기와 똑같네. 그
려진 것들은 살아 있는 생물처럼 보이지만, 자네가 어떤 질문을 던지면 무겁게 침묵한다네. 글
도 똑같다네. 자네에게는 그것들이 마치 무언가 생각을 가지고 말하는 것처럼 보일 수도 있겠
지만, 그 글에서 무언가 배우고 싶은 것이 있어서 질문을 던지면 그것은 언제나 한 가지의 같
은 것만을 가리키지. 일단 글로 쓰이고 나면, 모든 말은 장소를 가리지 않고 그것을 이해하는
사람들 주변과 그 말이 전혀 먹히지 않는 사람들 주변을 똑같이 맴돌면서, 말을 걸어야 할 사
람들과 그렇지 않은 사람들을 가려내지 못하네. 참된 인식과 함께, 배우는 자의 영혼 속에 쓰
인 말은 자신을 지킬 힘이 있고, 상대해서 말을 해야 할 사람들과 침묵해야 할 사람들을 가려
낼 줄 안다네.
파이드로스: 당신은 앎이 있는 자의 말을 일컬어 살아 있고 영혼이 있는 것이라고 말하는 거군
요. 글로 쓰인 말은 그것의 영상(映像)이라고 불러야 마땅할 겁니다."
13,20220402,2022,4월,2주차,"【논제】 다음 제시문을 요약하시오. (350~400자)
  어느 때 어느 사회에서고 일은 언제나 찬양되고 격려되어 왔다. 사실 일의 내재적 가치를 부
정하고 아무도 일을 하지 않는 사회는 있을 수 없다. 동물과는 달리 인간은 자신의 생존을 위해
서 무엇인가를 생산해야 한다. 일은 바로 이런 생산 활동에 지나지 않는다. 일을 하지 않는 사
회, ‘일’이라고 하는 생산 활동이 없는 사회에서 인간은 인간으로서 살아남을 수 없다.
  그러나 일은 반드시 노력을 요구한다. 노력은 필연적으로 일종의 고통을 의미한다. 고통을 피
하려는 것은 모든 생물의 근본적 이치이다. 그러므로 일이 아무리 미화되더라도 그것은 모든 인
간이 반드시 기피하고자 하는 것임엔 틀림없다. 모든 사회에서 일이 도덕적, 윤리적으로 찬미되
고 때로는 성화(聖化)되기까지도 하는 근본적 이유는 일의 위와 같은 성질에 있을지도 모른다.
아닌 게 아니라 20세기에 하나의 철학적 기둥으로 알려졌고 사회·문화비평가이기도 한 러셀은
일을 성화하려는 숨은 동기를 폭로하고 일의 내재적 가치를 적극적으로 부정한다. 흔히 일은 찬
미되어야 할 것으로 여겨진다. 그런데 그에 의하면 역사적으로 모든 사회에서 일의 미덕은 남들
의 피땀 흘린 일의 열매만을 놀면서 즐기는 사회의 지배자들이 자신들의 특권을 유지하기 위해
고안한 속임수라는 것이다. 일은 한 인간이 생존하기 위해 견디어야 할 필요악에 불과하다는 것
이다. 러셀은 일의 미화를 소수의 지배층, 특히 경제적 지배층이 피지배층, 특히 노동력을 제공
하는 근로 대중에게 적용한 일종의 세뇌 수단으로 보고 있다.
  일의 고귀성은 고사하고 일의 내재적 가치, 즉 그 자체로서 갖고 있는 일의 가치를 적극적으
로 부정하는 러셀의 견해는 옳은가. 아니면 일을 격려하고 일의 고귀성과 성스러움까지를 강조하
는 기존의 일에 관한 주장이 옳은가. 양립하는 두 관점 가운데 어느 하나를 택하려면, 즉 위와
같은 두 개의 물음에 대답을 찾아 주려면 우선 ‘일’이라는 말의 의미를 좀 더 주의 깊게 검토해
야 한다.
  정치 철학자로 알려진 아렌트 여사는 우리가 보통 ‘일’이라 부르는 활동을 ‘작업(作業, work)’
과 ‘고역(苦役, labor)’으로 구분한다. 이 두 가지 모두 인간의 노력, 땀과 인내를 수반하는 활동
이며, 어떤 결과를 목적으로 하는 활동이다. 그러나 전자가 자의적인 활동인 데 반해서 후자는
타의에 의해 강요된 활동이다. 전자의 활동을 창조적이라 한다면 후자의 활동은 기계적이다. 창
조적 활동의 목적이 작품 창작에 있다면, 후자의 활동 목적은 상품 생산에만 있다.
  전자, 즉 ‘작업’이 인간적으로 수용될 수 있는 물리적 혹은 정신적 조건하에서 이루어지는 ‘일’
이라면 ‘고역’은 그 정반대의 조건에서 행해진 ‘일’이라는 것이다. (…) 일을 작업과 고역으로 구
별하고 그것들을 위와 같이 정의할 때 고역으로서 일의 가치는 러셀의 말대로 부정되어야 하지
만 작업으로서 일은 전통적으로 종교 혹은 철학을 통해서 모든 사회가 늘 강조해 온 대로 오히
려 찬미되고, 격려되며 인간으로부터 빼앗아 가서는 안 될 귀중한 가치라고 봐야 한다."
12,20220403,2022,4월,3주차,"【논제】 두 제시문의 공통점을 서술한 후, 각 제시문을 요약하시오. (150~250자)
(가)
실옹이 허자에게 묻기를,
""사람의 몸이 만물(萬物)과 다른 점이 무엇이냐?""
""사람의 머리가 둥근 것은 하늘을, 발이 모난 것은 땅을, 살과 머리털은 산과 숲을, 피는 하수
(河⽔)나 바다를, 양쪽 눈은 해와 달을, 숨 쉬는 것은 바람과 구름을 각각 상징합니다. 그렇기 때
문에 사람의 몸을 일러 소천지(⼩天地)라 합니다. 사람이 태어날 때 아비의 정(精)과 어미의 혈
(⾎)이 교감하여 태(胎)를 이루고 달이 차면 나옵니다. 나이가 더해짐에 따라 지혜가 진보하고
일곱 구멍이 모두 밝아지며 다섯 성품이 함께 갖추어지게 됩니다. 이것이, 곧 사람의 몸이 여느
만물과 다른 점이 아닙니까?""
""아! 너의 말과 같다면 사람이 만물과 다른 점이란 거의 없나니, 대저 털과 살로 된 체질과,
정혈(精⾎)의 교감은 초목이나 사람이나 같거늘, 하물며 금수와 다를 것이 있겠는가? 내가 너에
게 다시 묻겠다. 생물의 종류는 셋이 있으니, 사람, 금수, 초목이 그것이다. 초목은 거꾸로 사는
까닭에 앎은 있어도 깨달음이 없으며, 금수는 옆으로 사는 까닭에 깨달음은 있어도 슬기가 없다.
이 세 가지 생물이 한없이 얽히어 혼란을 일으키는 바, 서로 망하게 또는 흥하게 하는데, 귀하고
천함에 등급이 있는가?""
""천지간 생물 중에 오직 사람이 귀합니다. 저 금수와 초목은 지혜나 깨달음도 없으며, 예법이
나 의리도 없습니다. 그러므로 사람이 금수보다 귀하고 초목이 금수보다 천한 것입니다.""
실옹이 고개를 젖히고 웃으면서 말하기를,
""너는 진실로 사람이로구나. 오륜(五倫)과 오사(五事)는 사람의 예의이고, 떼를 지어 다니면서
서로 불러 먹이는 것은 금수의 예의이며, 떨기로 나서 무성한 것은 초목의 예의이다. 사람으로서
만물을 보면 사람이 귀하고 만물이 천하지만 만물로서 사람을 보면 만물이 귀하고 사람이 천하
다. 하늘이 보면 사람이나 만물이 마찬가지이다. 대저 만물은 지혜가 없는 까닭에 속임이 없고,
깨달음이 없는 까닭에 거짓도 없다. 그렇다면 만물이 사람보다 훨씬 귀하다. (중략) 옛사람이 백
성에게 혜택을 입히고 세상을 다스릴 때, 만물에 도움받지 않은 것이 없었다. 군신(君⾂) 간의
의리는 벌에게서, 병진(兵陣)의 법은 개미에게서, 예절의 제도는 박쥐에게서, 그물 치는 법은 거
미에게서 각각 취해 온 것이다. 그런 까닭에 '성인(聖⼈)은 만물(萬物)을 스승으로 삼는다.' 하였
다. 그런데 너는 어찌해서 하늘의 입장에서 만물을 보지 않고 오히려 사람의 입장에서 만물을
보느냐?""
이에 허자가 큰 깨달음을 얻더라.
- 고등학교 『문학』 교과서
(나)
'나'를 발견하는 것은 나를 중심으로 한 다른 존재와의 관계 속에서 비로소 가능하다. 부버(M 
artin Buber)는 자신의 저서 『나와 너』에서 '너' 혹은 '그것'이 없이는 '나'가 있을 수 없다고 하
였다. 그는 '나'가 가질 수 있는 기본적인 관계는 '나'와 '너'의 관계와 '나'와 '그것'의 관계, 둘
뿐이라고 하였다. 그런데 이 두 관계에서 유의할 것은 '너'와 관계를 맺는 '나'와 '그것'과 관계를
맺는 '나'가 같지 않다는 것이다. 이것은 '나'가 불변하는 실체로서 존재하는 것이 아니라 맺는
관계에 따라 바뀌는 특별한 존재임을 보여 준다.
'그것', 즉 돈, 집, 국가 혹은 그 사람 등 삼인칭으로 표현되는 것들과 관계를 맺는 것은 '나'
의 일부일 뿐 전체가 아니다. 예를 들어 내가 물건을 소유했을 때, 나는 단순히 물건의 소유자로
서의 나일 뿐 전체로서의 나는 될 수 없다. 내가 지금 가지고 있는 물건을 얼마든지 다른 사람
이 소유할 수 있다는 점에서 이 관계는 유일하지 않으며 유한하다. 이는 다른 사람들과 표면적
인 관계를 맺었을 때에도 마찬가지이다. 내가 하나의 기능인으로 다른 사람과 어떤 일을 처리한
다면, 그때의 나는 얼마든지 다른 사람과 대체될 수 있다. 그리고 상대방 역시 나에게 하나의 '
너'가 될 수 없고, 오히려 하나의 '그것'으로 전락하는 것이다.
그러나 '너'와의 관계에 있는 '나'는 전혀 다른 모습으로 등장한다. 그때의 '나'는 인격 전체이
며, 다른 무엇과도 대체될 수 없는 유일한 존재이다. 물론 '나'와 관계를 맺는 '너'도 그 인격 전
체로 '나'의 앞에 서게 되는 것이다. '나'와 '그것'의 관계는 주체와 객체의 관계이자 차등의 관계
이지만, '나'와 '너'의 관계는 주체와 주체의 동격 관계이며, 두 유일무이한 존재들의 대등 관계
이다. 그때의 '나'를 진정한 나라고 할 수 있는 것이다. (중략)
우리가 진정한 '나'가 될 수 있는 것은 '너'가 될 수 있는 다른 사람이 있기 때문이요, 그 사람
과 '나'와 '너'의 관계를 맺기 때문에 가능한 일이다. 다른 사람이 존재하지 않거나, 존재하더라
도 '나'에게 어떠한 반응도 보이지 않으면 진정한 관계는 형성될 수 없다. 이제 자신의 주위를
둘러보자. 나는 상대방에게 '너'인가 '그것'인가. 그리고 상대방은 나에게 '너'인가 '그것'인가.
- 고등학교 『독서』 교과서"
16,20220404,2022,4월,4주차,"【논제】 제시문 (가)에 기술된 사회현상 탐구 과정에서의 유의점을 바탕으로 제시문 (나)와 (다)에
나타난 오류를 찾아 각각 설명하시오. (250~300자)
제시문 (가)
 A시에서는 데이터를 활용하여 심야 버스 노선을 정해 많은 이들의 호응을 얻었다. 심야 시간대
에 시민들이 사용한 휴대 전화 통화량 자료 30억 건, 심야 택시 승하차 자료 500만 건, 시간·요
일별 유동인구 자료 등의 데이터를 체계적으로 분석하여 최적화된 버스 노선과 배차 간격을 정
한 것이다. 이와 같이 현대사회에서 데이터는 다양한 사회 문제 해결에 있어 많은 도움을 줄 수
있기 때문에 그 중요성이 더 부각될 것으로 예상된다. 그러나 데이터 해석에 있어 발생할 수 있
는 오류를 피하기 위해서는 추출된 표본*이 대표성을 가져야 한다. 또한 분석과정에서 고려되지
않은 변수가 결과에 미치는 영향도 유의하여야 한다.
* 표본: 모집단 중에서 실제 조사를 위해 선택한 집단
제시문 (나)
 1936년 미국의 잡지 ‘리터러리 다이제스트(The Literary Digest)’는 대통령 선거 후보인 공화당
의 랜든 후보와 민주당의 루스벨트 후보의 지지도를 알아보기 위해 전화번호부와 자동차 등록
명부를 활용해 잡지 구독자들을 대상으로 설문 조사를 진행하였다. 설문에 응답한 약 240만 명
중 랜든의 지지율은 57%, 루스벨트의 지지율은 43%를 기록하여 ‘리터러리 다이제스트’는 랜든
후보의 압도적인 당선 가능성을 발표하였다. 그러나 선거 결과는 설문조사와는 정반대로 나타나,
루스벨트 후보가 61%의 지지를 얻어 당선되었다. 이 사례에서 볼 수 있듯이, 표본으로 추출한
집단이 모집단*의 특성을 제대로 대표할 수 없다면 조사결과를 일반화할 수 없다.
* 모집단: 연구 대상이 되는 집단 전체
제시문 (다)
 B시는 교통 법규 위반 건수를 감소시키기 위해 교통안전 교육을 제공해 왔다. 다만 교통안전
교육 이수가 의무사항은 아니다. B시는 교통안전 교육이 교통 법규 위반 건수에 미치는 영향을
알아보기 위해, 안전 교육을 이수한 운전자들과 안전 교육을 이수하지 않은 운전자들을 대상으로
조사를 진행하였다. 두 집단 사이의 교통 법규 위반 건수를 비교하였더니 큰 차이를 발견하지
못하였다. 이를 근거로 B시는 안전 교육이 교통 법규 위반 건수에 별다른 영향을 미치지 않는
것으로 결론지었다. 그러나 이후 지역 언론사가 조사참여자들을 대상으로 인터뷰를 진행하였더
니, 안전 교육을 이수하지 않은 운전자들의 운전경력이 안전 교육을 이수한 운전자들보다 세 배
길다는 것이 밝혀졌다. 운전경력이 상대적으로 긴 운전자들은 안전 교육의 필요성을 느끼지 않아
대부분 안전 교육을 이수하지 않았던 것이다. 이 사례에서 볼 수 있듯이, 분석결과에 영향을 미
칠 수 있는 제3의 변수를 고려하지 않는 경우 분석결과를 해석함에 있어 오류가 발생할 수 있
다.
- 2021학년도 홍익대학교 수시모집 논술고사"
9,20220501,2022,5월,1주차,"【논제】 (가)의 내용을 요약한 뒤, 이를 바탕으로 (나)에 드러난 풍자의 의미를 밝히시오.
(300~400자)
(가)
폭력은 일반적으로 사람이나 재물에 물리적 피해를 가하는 인간의 공격적 행위를 일컫는다.
브리태니커백과사전은 폭력을 '물리적인 힘을 사용하여 상해, 장애, 혹은 사망을 낳게 하는 것'으
로 정의하고 있다. 이런 정의는 오랜 세월 사회적 통념으로 받아들여졌다. 이런 통념에 따라 폭
력의 개념을 '비합법적이거나 공인되지 않은 무력의 사용'으로만 규정하며, 그 특징을 직접성, 신
체성, 개별성, 일시성, 위법성 등으로 추려내는 연구들도 있다.
하지만 최근의 여러 연구자들은 기존의 정의가 폭력의 작은 일부만을 담고 있을 뿐이라는 반
론을 제기한다. 그들은 폭력의 개별적이고 가시적인 현상에 얽매이지 말고, 그러한 폭력이 발생
하는 원인과 함께 더 큰 차원에서 소리 없이 진행되는 폭력을 통찰해야 한다고 주장한다. 이들
의 주장에 따르면, 폭력은 지배 세력이나 주류 집단에 의해 지속적이고 효과적으로 사용되고 있
으며, 하위 계층이나 소수집단이 사용하는 폭력은 거기에 저항하는 가운데 나타나는 현상일 뿐이
다. 위로부터의 폭력이 아래로부터의 폭력을 부른다는 것이다. 전자는 크고 체계적이지만 지속적
이기 때문에 잘 드러나지 않으며, 후자는 작고 국지적이지만 일시적이기 때문에 쉽게 눈에 띄며
으레 불법적이거나 비윤리적인 것으로 간주된다고 한다.
폭력을 가능한 한 포괄적으로 정의하려고 한 학자는 갈퉁이다. 그는 폭력이란 인간 존재가 그
로 인해 영향을 받은 결과 육체적이고 정신적인 잠재력을 실현하지 못하게 되는 상황 전부를 의
미한다고 보았다. 여기에서 나아가 직접 폭력과 그것을 넘어서는 다른 폭력을 구분하고, 그 다른
폭력의 특성과 작동 방식을 밝히는 데 많은 노력을 기울였다. 그의 기준에서 직접 폭력이란 '특
정 행위자에 의해 의도적으로 자행된 육체 무력화, 극단적인 경우 살해를 포함하는 건강 박탈'을
의미하는데, 이는 그 이전의 폭력에 대한 통념과 부합한다. 이보다 일상에서 훨씬 광범위하게 작
동하며 지속적으로 많은 피해를 발생시키는 폭력을 그는 구조적, 간접적 폭력이라 명명했다. 이
는 이후 학자들에 따라 비가시적 폭력, 제도적 폭력, 일상적 폭력으로 일컬어지기도 한다.
구조적 폭력은 그 행위가 물리적인 현상으로 나타나지 않기 때문에 인지가 쉽지 않다. 일상에
서 관습적으로 일어나기 때문에 자각이 어려운 것이다. 물리적인 현상으로 나타나도 제도와 공적
절차에 따라 진행되기 때문에 정당하고 합법적인 집행으로 비쳐진다. 피해자와 가해자가 1대1로
대응되지 않는 것, 피해자와 피해 사실이 분명한 데 반해 가해자가 특정되지 않는 경우가 많다
는 것도 이러한 폭력 유형의 특징이다. 가해자가 윤리, 제도(법률), 조직, 자본 뒤에 숨어 버리거
나, 복잡한 구조 속에서 책임이 분산되어 사라지고, 아니면 책임이 이리저리 전가되는 가운데 가
해자가 증발되어 버리기 때문이다. 언론이나 종교, 또는 학문 등이 가해 사실을 합리화, 정당화
하거나, 화제와 논점을 돌려 사안을 은폐, 왜곡하는 것도 주요 특징으로 설명된다.
오늘날 구조적 폭력의 개념은 사회의 여러 차원에 다양하게 적용되어 논의되고 있다. 여성은
오랜 세월 광범위하면서도 심각한 차별을 받아왔지만, 그것이 제도와 윤리를 내세워 가해진 폭력
이라는 사실이 밝혀진 것은 근래의 일이다. 롭 닉슨은 산업화된 북반구에 의해 유발된 환경적인
재앙이 남반구에 영향을 끼치는 과정을 지칭하기 위해 '느린 폭력'이라는 단어를 만들어 냈다.
이 '느린 폭력'은 점진적이고 시야에 잘 보이지 않지만, 시공간에 흩어져 느리게 진행되고 있는 
파괴의 폭력이자 폭력으로 전혀 간주되지 못하는 마모적인 폭력이다. 최근에는 자유 경쟁과 공정
을 내세우는 자본주의 체제가 얼마나 많은 피해와 희생의 토대에서 작동하는지, 또 그 피해와
희생이 어떻게 은폐되고 정당화되는지를 입증하는 논의도 활발하다.
(나)
독고민은 간수를 따라 감방 구역으로 들어섰다. (…) 독고민은 구멍으로 안을 들여다보았다.
(…) 그는 두 주먹을 가슴에 모으고, 턱을 치킬싸한 채, 허공을 노려보고 있었다. 얼굴 표정은 점
잖고, 높은 것을 그리워하는 사람의 의젓함이 있었다. 독고민은 물었다.
""저분은 무슨 죄로 잡혀 있는 것입니까?""
""(…) 저 사람은 원래 유명한 시인인데, 그의 죄목은 '투시(透視)하려 한 죄'입니다. 그의 눈길
을 보십시오. 마치 벽을 뚫고 아득한 곳을 바라보는 것 같지요. (…) 저 사람이 순전히 여자의
알몸만 투시한 것으로는 생각지 마십시오. 만물을 다 그렇게 봤다는 말입니다. 이를테면 존재를
뚫어봤다는 소립니다. (…) 권력가들도 한때는 이 사람을 사랑하여 퍽 써먹었습니다만, 마지막에
는 두려워하여 옥으로 보낸 것입니다. (…)""
다음 감방 창을 열고 간수는 자리를 비켜주었다. (…) 거기에는 웬 남자가 책상에 앉아서 제도
(製圖)를 하고 있었다.
""(…) 저 사람의 죄목은 '결론을 내려고 한 죄'입니다. 지금 저 사람이 하고 있는 작업은, 제도
가 아니고 기호신학(記號神學) 문제를 풀고 있는 것입니다. 신학과, 철학과, 논리학과 거기에다
수학까지를 뭉친, 새로운 방법으로 존재의 구조를 수식화한다는 게 저 사람의 소원입니다. (…)
그는 밤이나 낮이나 길거리에서나 방에서나, 산에서나 바다에서나, 땅에서나하늘에서나, 결론만
생각했습니다. (…)""
그 방에는, 용모가 매끈한 젊은이가 침대에 걸터앉아서, 손에 든 한 장의 사진을 들여다보며
울고 있었다. (…)
""저 사람의 죄목은 '잊어버리지 않는 죄'입니다. 그저 그렇게만 말씀드려서는 얼른 어림이 안
가실 테지만, 이 사람은 첫사랑을 잊지 못한 죄로 여기 붙잡혀온 것입니다. 첫사랑이 다 그렇듯
이, 이 청년도 쓴잔을 마셨던 것이에요. (…) 저 사진 속의 여자가 다른 여자보다 나은 것은 그
를 배반했다는 사실을 빼고는 아무것도 없다는 점을 아무리 타일러도 쓸데없습니다.""
- 최인훈, 『구운몽』"
14,20220502,2022,5월,2주차,"【논제】 [가]에 제시된 상황을 [나], [다]를 바탕으로 분석하시오. (300자 내외)
[가] 청소년들이 차별과 혐오를 유희처럼 또래문화에서 즐기는 일은 과거에도 있었다. 하지만 스
마트폰의 급격한 보급, 자정과 규제 없는 개인 인터넷 방송의 증가는 우리가 알지 못했던 상자를
열었다. 인터넷 커뮤니티에서 시작된 혐오문화가 10대의 교실을 잠식한 것이다. (…) 모든 아이들
이 혐오를 즐기는 건 아니다. 불편함과 거부감을 호소하는 학생들도 있다. “잘못된 건 다들 알거
든요. 근데 학교는 작은 사회잖아요. 반기를 들면 ‘쟤 이상해’ 이런 취급을 당해요.”, “쿨하고 싶어
서 대응을 잘 못해요. 애들이 친 농담을 웃어넘기고 인정하는 애들이 인기가 많으니까요. 맞장구
치고 같이 키득거리거나 아니면 침묵하거나, 그렇게 되는 거죠.” 혐오 표현이 쿨한 것으로 여겨지
면서, 불편함을 느끼고 상처받는 아이들의 존재는 지워진다.                              
[나] 사회는 구성원이 사회 규범을 지키도록 기대하고 법과 같은 규범을 통해 이를 강제하기도
한다. 그러나 때로 사회 구성원이 이러한 사회적 규범이나 기대에 벗어난 사고와 행동을 하기도
하는데, 이것을 일탈 행동이라고 한다. 일탈 행동은 사회적으로 바람직하지 못한 행동으로 그 사
회의 통합과 존속을 저해하기도 하지만 때로 그 사회의 문제를 표출함으로써 사회 변화의 계기
가 될 수도 있다. (…) 뒤르켐에 따르면 개인은 한 사회의 규범을 행동의 지침으로 여기는데, 사
회 규범이 약화되거나 주도적 규범이 없는 상태가 되면 일탈 행동을 하게 된다. (…) 차별 교제
이론은 일탈 행동을 하는 집단이나 사람들과의 접촉을 통해 일탈 행동이 학습된다는 입장이다.
즉, 일탈 행동을 보이는 사람들과 접촉하는 과정에서 그들과 동화되어 일탈 행동을 하게 된다는
것이다.
                                             
[다] 심리 실험이 진행되었다. 참가자는 한 명을 제외하면 모두 가짜였다. 실험자가 직선 하나가
그려진 카드를 보여준 후, 길이가 다른 직선 세 개가 그려진 다른 카드를 참가자들에게 보여주었
다. 두 번째 카드의 직선 중 하나는 처음에 제시한 카드의 직선과 길이가 같았는데, 그 직선을
고르는 것이 참가자들에게 주어진 과제였다. 참가자는 한 사람씩 큰 소리로 자신의 선택을 말했
다. 진짜 참가자는 끝자리에 앉았기 때문에 앞사람들의 대답을 알 수 있었다. 가짜 참가자들은 일
부러 오답을 선택했다. 당황하는 기색이 역력했던 진짜 참가자의 선택은 두 가지였다. 자신의 선
택을 유지하면서 혼자 다른 대답을 하거나, 다른 참가자들과 같은 대답을 하는 것이었다. (…) 이
런 실험을 수십 번 진행했는데, 다른 이들이 오답을 말할 때 진짜 참가자가 자신의 의견을 관철
하는 경우는 37%였다. 그 외는 매번 다수의 의견을 따랐다.
 실험 종료 후 진짜 참가자에게 실험에 대해 사실대로 설명하자, 안도의 한숨을 내쉬며 이렇게
말했다. “그들이나 저, 둘 중 한쪽은 비정상이었어요. 그들처럼 제 판단력도 형편없는지 궁금했지
만 그들이 맞지 않을까 싶은 생각도 들어서 결정을 못 내렸죠.”, “그들이 맞아서가 아니라 그저
묻어가려고 한 거예요. 반대 의견을 펴려면 엄청난 배짱이 필요한 것 같아요.”"
11,20220503,2022,5월,3주차,"【논제】 화자의 상황과 정서를 중심으로 다음 작품의 내용을 요약하시오. (120~150자)
가난하다고 해서 외로움을 모르겠는가
너와 헤어져 돌아오는
눈 쌓인 골목길에 새파랗게 달빛이 쏟아지는데.
가난하다고 해서 두려움이 없겠는가
두 점을 치는 소리
방범대원의 호각 소리 메밀묵 사려 소리에
눈을 뜨면 멀리 육중한 기계 굴러가는 소리.
가난하다고 해서 그리움을 버렸겠는가
어머님 보고 싶소 수없이 뇌어 보지만,
집 뒤 감나무에서 까치밥으로 하나 남았을
새빨간 감 바람 소리도 그려 보지만.
가난하다고 해서 사랑을 모르겠는가
내 볼에 와 닿던 네 입술의 뜨거움
사랑한다고 사랑한다고 속삭이던 네 숨결
돌아서는 내 등 뒤에 터지던 네 울음.
가난하다고 해서 왜 모르겠는가,
가난하기 때문에 이것들을
이 모든 것들을 버려야 한다는 것을.
- 신경림, 「가난한 사랑 노래」"
15,20220504,2022,5월,4주차,"【논제】 작품에 나타난 삶의 태도를 중심으로 내용을 분석하여 서술하시오. (200~250자)
나무는 자기 몸으로
나무이다
자기 온몸으로 나무는 나무가 된다
자기 온몸으로 헐벗고 영하 13도
영하 20도 지상에
온몸을 뿌리박고 대가리 쳐들고
무방비의 나목(裸⽊)으로 서서
두 손 올리고 벌 받는 자세로 서서
아 벌 받은 몸으로, 벌 받는 목숨으로 기립하여, 그러나
이게 아닌데 이게 아닌데
온 혼(魂)으로 애타면서 속으로 몸속으로 불타면서
버티면서 거부하면서 영하에서
영상으로 영상 5도 영상 13도 지상으로
밀고 간다, 막 밀고 올라간다
온몸이 으스러지도록
으스러지도록 부르터지면서
터지면서 자기의 뜨거운 혀로 싹을 내밀고
천천히, 서서히, 문득, 푸른 잎이 되고
푸르른 사월 하늘 들이받으면서
나무는 자기의 온몸으로 나무가 된다
아아, 마침내, 끝끝내
꽃피는 나무는 자기 몸으로
꽃 피는 나무이다                   
    
                                        -황지우, 「겨울-나무로부터 봄-나무에로」"
7,20220601,2022,6월,1주차,"【논제】 화자의 정서와 태도를 중심으로 작품의 주제의식을 설명하시오. (150~250자)
거미 새끼 하나 방바닥에 나린 것을 나는 아모 생각 없이 문밖으로 쓸어버린다
차디찬 밤이다
어니젠가 새기 거미 쓸려나간 곳에 큰 거미가 왔다
나는 가슴이 짜릿하다
나는 또 큰 거미를 쓸어 문밖으로 버리며
찬 밖이라도 새끼 있는 데로 가라고 하며 서러워한다
이렇게 해서 아린 가슴이 삭기도 전이다
어데서 좁쌀만한 한 알에서 가제 깨인 듯한 발이 채 서지도 못한 무척 적은 새끼 거미가 이번
엔 큰 거미 없어진 곳으로 와서 아물거린다
나는 가슴이 메이는 듯하다
내 손에 오르기라도 하라고 나는 손을 내미나 분명히 울고불고 할 이 작은 것은 나를 무서우이
달아나 버리며 나를 서럽게 한다
이 작은 것을 고이 보드러운 종이에 받아 또 문밖으로 버리며 이것의 엄마와 누나와 형이 가까
이 이것의 걱정을 하고 있다가 쉬이 만나기나 했으면 좋으련만 하고 슬퍼한다
- 백석, 「수라」"
6,20220602,2022,6월,2주차,"【논제】 대학생의 인식 변화를 중심으로 작품의 내용을 요약하시오. (250~300자)
 사람들은 누구도 입을 열지 않는다. 대합실 벽에 붙은 시계가 도착 시간을 한 시간 반이나 넘
긴 채 꾸준히 재깍거리고 있었지만 누구 하나 눈여겨보는 사람은 없다. 창밖엔 싸륵싸륵 송이눈
이 쌓여 가고 유리창마다 흰 보랏빛 성에가 톱밥 난로의 불빛을 은은하게 되비추어 내고 있을
뿐.
 사람들은 약속이나 한 듯 말을 잊었다. 어쩌면 그들은 열차를 기다리고 있다는 사실조차 망각
하고 있는 것인지도 모른다. 중년 사내는 담배를 입에 문 채 성냥불을 댕기려다 말고 멍하니 난
로의 불빛을 들여다보고 있다. 노인을 안고 있는 농부도, 대학생도, 쭈그려 앉은 아낙네들도, 서
울 여자도, 머플러를 쓴 춘심이도 저마다의 손바닥들을 불빛 속에 적셔 두고 망연한 시선을 난
로 위에 모은 채 모두들 아무 말도 하지 않았다. 저만치 홀로 떨어져 앉아 있는 미친 여자도 지
금은 석고상으로 고요히 정지해 있다. 이따금 노인의 기침 소리가 났고, 난로 속에서 톱밥이 톡
톡 튀어 올랐다.
  “흐유, 산다는 게 대체 뭣이간디…….”
  불현듯 누군가 나직이 내뱉었다.
 그러자 사람들은 그 말꼬리를 붙잡고 저마다 곰곰이 생각해 보기 시작한다. 정말이지 산다는
게 도대체 무엇일까…….
 중년 사내에겐 산다는 일이 그저 벽돌담 같은 것이라고 여겨진다. 햇볕도 바람도 흘러들지 않
는 폐쇄된 공간. 그곳엔 시간마저도 아무런 흔적을 남기지 않는다. 마치 이 작은 산골 간이역을
빠른 속도로 무심히 지나쳐 가 버리는 특급 열차처럼……. 사내는 그 열차를 세울 수도 탈 수도
없다는 것을 잘 알고 있다. 그러면서도 여전히 기다릴 도리밖에 없다는 것, 그것이 바로 앞으로
남겨진 자기 몫의 삶이라고 사내는 생각한다.
 농부의 생각엔 삶이란 그저 누가 뭐래도 흙과 일뿐이다. 계절도 없이 쳇바퀴로 이어지는 노동.
농한기라는 겨울철마저도 융자금 상환과 농약값이며 비룟값으로부터 시작하여 중학교에 보낸 큰
아들 놈의 학비에 이르기까지 이런저런 걱정만 하다가 보내고 마는 한숨 철이 되고 만 지도 오
래였다. 삶이란 필시 등뼈가 휘도록 일하고 근심하다가 끝내는 늙고 병들어 죽는 것이리라고 여
겨졌으므로, 드디어 어려운 문제를 풀어냈다는 듯이 농부는 한숨을 길게 내쉰다.
(중략)
 대학생에겐 삶은 이 세상과 구별할 수 없는 그 무엇이다. 스물셋의 나이인 그에게는 세상 돌아
가는 내력을 모르고, 아니 모른 척하고 산다는 것은 절대로 용서할 수 없다. 그런 삶은 잠이다.
마취 상태에 빠져 흘려보내는 시간일 뿐이라고 청년은 믿고 있다. 하지만 그는 얼마 전부터 그
런 확신이 조금씩 흔들리기 시작하는 걸 느끼고 있다. 유치장에서 보낸 한 달 남짓한 기억과 퇴
학. 끓어오르는 그들의 신념과는 아랑곳없이 이루어지고 있는 강의실 밖의 질서……. 그런 것들
이 자꾸만 청년의 시야를 어지럽히고 혼란을 일으키고 있는 중이다.
  행상꾼 아낙네들은 산다는 일이 이를테면 허허한 길바닥만 같다. 아니면, 꼭두새벽부터 장사치
들이 떼로 엉켜 아우성치는 시장에서 허겁지겁 보따리를 꾸려 나와, 때로는 시골 장터로 혹은
인적 뜸한 산골 마을로 돌아다니며 역시 자기네 처지보다 나을 것이라곤 눈곱만큼도 없는 시골
사람들 앞에서 거짓말 참말 다 발라가며 펼쳐 놓는 그 싸구려 옷가지 같은 것인지도 모른다. 어 
쨌든 그녀들에겐 그따위 사치스러운 문제를 따지고 말고 할 능력도 건덕지도 없다. 지금 아낙네
들의 머릿속엔 아이들에게 맡겨 둔 채로 떠나온 집 생각으로 가득 차 있다. 어린것들이 밥이나
제때에 해 먹었을까. 연탄불은 꺼지지 않았을까. 며칠째 일거리가 없어 빈둥대고 있는 십 년 노
가다 경력의 남편이 또 술에 취해서 집구석에 법석을 피워 놓진 않았을까…….
  그러는 사이에도, 밖은 간간이 어둠 저편으로부터 바람이 불어왔고, 그때마다 창문이 딸그락거
렸다. 전신주 끝을 물고 윙윙대는 바람 소리, 싸륵싸륵 눈발이 흩날리는 소리, 난로에서 톡톡 튀
어 오르는 톱밥. 그런 크고 작은 소리들이 간헐적으로 토해 내는 늙은이의 기침 소리와 함께 대
합실 안을 채우고 있을 뿐, 사람들은 각기 골똘한 얼굴로 생각에 빠져 있다.
 대학생은 문득 고개를 들어 말없이 모여 있는 그들의 얼굴을 하나하나 눈여겨본다. 모두의 뺨
이 불빛에 발갛게 상기되어 있다. 청년은 처음으로 그 낯선 사람들의 얼굴에서 어떤 아늑함이랄
까 평화스러움을 찾아내고는 새삼 놀라고 있다. 정말이지 산다는 것이란 때로는 저렇듯 한 두름
의 굴비, 한 광주리의 사과를 만지작거리며 귀향하는 기분으로 침묵해야 하는 것인지도 모른다.
 청년은 무릎을 굽혀 바께쓰 안에서 톱밥 한 줌을 집어 든다. 그리고 그것을 난로의 불빛 속에
가만히 뿌려 넣어 본다. 호르르르. 삐비꽃이 피어나듯 주황색 불꽃이 타오르다가 이내 사그라져
들고 만다. 청년은 그 짧은 순간의 불빛 속에서 누군가의 얼굴을 본 것 같다. 어머니다. 어머니
가 주름진 얼굴로 활짝 웃고 있었다.
 다시 한 줌 집어넣는다. 이번엔 아버지와 동생들의 모습이 보였다. 또 한 줌을 조금 천천히 흩
뿌려 넣는다. 친구들과 노교수의 얼굴, 그리고 강의실의 빈 의자들과 잔디밭과 교정의 풍경이 차
례로 떠오르기 시작한다.
 음울한 표정의 중년 사내는 대학생이 아까부터 톱밥을 뿌려 대고 있는 모습을 곁에서 줄곧 지
켜보고 있는 참이다. 대학생의 얼굴은 줄곧 상기되어 있다.
 이 젊은 친구가 어쩌면 꿈을 꾸고 있는지도 모르겠군. 그러면서도 사내 역시 톱밥을 한 줌 집
어낸다. 그러고는 대학생이 하듯 달아오른 난로에 톱밥을 뿌려 준다. 호르르르. 역시 삐비꽃 같
은 불꽃이 환히 피어오른다. 사내는 불빛 속에서 누군가의 얼굴을 얼핏 본 듯하다. 허 씨 같기도
하고 전혀 낯모르는 다른 사람인 것도 같은, 확실치 않은 얼굴이었다. 사내의 음울한 눈동자가
간절한 그리움으로 반짝 빛나기 시작한다. 사내는 다시 한 줌의 톱밥을 집어 불빛 속에 던져 넣
고 있다.
 어느새 농부도, 아낙네들도, 서울 여자와 춘심이도 이젠 모두 그 두 사람의 치기 어린 장난을
지켜보고 있다. 누구도 입을 열지 않았다.     
                                                                
 -임철우, 「사평역」"
3,20220603,2022,6월,3주차,"【논제】 ‘상실의 주체, 상실의 대상, 상실의 원인’을 중심으로 해당 작품을 통해 고발하고자 하는
당시 사회 현실을 설명하시오. (100~200자)
아버지는 난쟁이였다. 불행하게도 사람들은 아버지를 보는 것 하나만 옳았다. 그 밖의 것들은
하나도 옳지 않았다. 나는 아버지·어머니·영호·영희, 그리고 나를 포함한 다섯 식구의 모든 것을
걸고 그들이 옳지 않다는 것을 언제나 말할 수 있다. 나의 ‘모든 것’이라는 표현에는 ‘다섯 식구
의 목숨’이 포함되어 있다. 천국에 사는 사람들은 지옥을 생각할 필요가 없다. 그러나 우리 다섯
식구는 지옥에 살면서 천국을 생각했다. 단 하루라도 천국을 생각해 보지 않은 날이 없다. 하루
하루의 생활이 지겨웠기 때문이다. 우리의 생활은 전쟁과 같았다. 우리는 그 전쟁에서 날마다 지
기만 했다. 그런데도 어머니는 모든 것을 잘 참았다. 그러나 그날 아침 일만은 참기 어려웠던 것
같다.
“그게 뭐냐?”
“철거 계고장예요.”
“기어코 왔구나!”
어머니가 말했다.
[중략]
“그러니까 집을 헐라는 거지? 우리가 꼭 받아야 할 것 중의 하나가 이제 나온 셈이구나!”
[중략]
어머니는 대문 기둥에 붙어 있는 알루미늄 표찰을 떼기 위해 식칼로 못을 뽑고 있었다. 내가
식칼을 받아 반대쪽 못을 뽑았다. 영호는 어머니와 내가 하는 일이 못마땅한 모양이었다. 그러나
마음에 드는 일이 우리에게 일어나 주기를 바랄 수는 없는 일이었다. 어머니는 무허가 건물 번
호가 새겨진 알루미늄 표찰을 빨리 떼어 간직하지 않으면 나중에 괴로운 일이 생길 것이라는 것
을 알고 있었다.
“너희들이 놀게 되지만 않았어도 난 별걱정을 안 했을 거다.”
어머니가 말했다.
“스무 날 안에 무슨 뾰족한 수가 생기겠니, 이제 하나하나 정리를 해야지.”
“입주권을 팔려고 그래요?”
영희가 물었다.
“팔긴 왜 팔아!”
영호가 큰 소리로 말했다.
“그럼 아파트 입주할 돈이 있어야지.”
“아파트로 안 가.”
“그럼 어떻게 할 거야?”
“여기서 그냥 사는 거야. 여긴 우리 집이다.”
아버지가 말했다. 어머니가 내준 철거 계고장을 막 읽고 난 참이었다.
“시에서 아파트를 지어 놨다니까 얘긴 그걸로 끝난 거다.”
“그건 우릴 위해서 지은 게 아녜요.”
영호가 말했다. 
“돈도 많이 있어야 되잖아요?”
영희는 마당가 팬지꽃 앞에 서 있었다.
“우린 못 떠나. 갈 곳이 없어. 그렇지 큰오빠?”
“어떤 놈이든 집을 헐러 오는 놈은 그냥 놔두지 않을 테야.”
영호가 말했다.
“그만둬.”
내가 말했다.
“그들 옆엔 법이 있다.”
아버지 말대로 모든 이야기는 끝나 버린 것이나 마찬가지였다. 영희는 울고 있었다.
- 조세희, 「난쟁이가 쏘아 올린 작은 공」"
1,20220604,2022,6월,4주차,"【논제】 문제 상황을 중심으로 내용을 요약하시오. (150~200자)
 토니오는 입을 다물었다. 그리고 그의 눈은 흐려졌다. 그들 둘이서 오늘 오후에 잠시 함께 산보
를 하자고 했던 사실을 한스는 잊었단 말인가? 한스는 그것이 이제야 비로소 생각났단 말인가?
그런데 그 자신은 그 약속을 한 이래로 거의 잠시도 잊지 않고 지금 이 순간을 고대해오지 않았
던가! 사실 토니오 크뢰거는 한스가 그들 둘이서 하는 이 산보에 자기가 생각하는 절반만큼의
비중도 두지 않고 있다는 사실을 분명히 느끼고 있었다. 문제는 토니오가 한스를 좋아하고 있었
고 한스로 인해 벌써 많은 고통을 겪어왔다는 사실이다. 가장 많이 사랑하는 자는 패배자이며
괴로워하지 않으면 안 된다. 이 소박하고도 가혹한 교훈을 열네 살 난 영혼은 이미 삶으로부터
터득하고 있었다.
  “난 요즘 놀라운 것을 읽었어, 뭔가 굉장한 거야!”
  하고 토니오가 말했다. 둘은 걸어가면서, 뮐렌 가에 있는 이버젠 씨의 가게에서 10페니히를
주고 산 한 봉지의 과일 사탕을 나눠먹고 있었다.
  “한스, 너도 그걸 읽어봐라. 그건 실러의 돈 카를로스라는 작품이야. 내 그 책을 빌려줄게, 네
가 원한다면 ….”
  “아냐, 그만 둬, 토니오!”
  하고 한스가 말했다.
  “그건 내겐 어울리지 않아. 난 계속 말[⾺]에 관한 책이나 읽겠어. 너도 왜 알잖아, 거기에는
근사한 사진들이 정말 많단다!”
… (중략) …
 내가 유명해져서 내가 쓰는 모든 작품이 인쇄되는 날이 올 것이다. 그렇게 돼도 그것이 한스에
게 아무런 감명을 주지 않을지 두고 볼 일이다. 하긴 그래도 아무런 감명도 주지 않을 것이다.
주지 않고말고! 그게 사실이다.
 그리고 설령 내가 아홉 개의 교향곡과 의지와 표상으로서의 세계와 최후의 심판을 순전히 혼자
서 이룩해 내었다손 치더라도, 너는 영원히 나를 무시할 권리가 있다. 내 머릿속에는 내가 오랫
동안 새로 기억해 낸 적은 없지만 내게 아주 친숙하고 내 자신이 처한 상황과 서로 통하는 시행
(詩⾏) 하나가 떠올랐는데, ‘난 잠이 오는데, 넌 춤을 춰야겠다는구나.’가 그것이었다. 나는 이 시
행에서 뜻하고 있는 감정을 너무나도 잘 알고 있다.
                                                        -토마스 만, 「토니오 크뢰거」"
0,20220605,2022,6월,5주차,"【논제】 (가)의 입장을 요약하고, 이를 근거로 (나)와 (다)를 평가하시오. (200~300자)
(가)
사회 갈등은 구성원 간 충돌을 일으키고, 이를 해결하기 위한 사회적 비용을 발생시킨다. 사회
갈등을 해결하고 통합에 이르기 위해서는 다른 가치들의 충돌을 합리적으로 조정하고 서로 간의
자발적 합의를 추구해야 한다. 이에 따라 담론 윤리의 필요성이 대두되었다. 담론 윤리의 대표적
연구자인 하버마스(Habermas)는 현대사회의 다양한 문제를 해결하기 위한 공정한 담론 절차를
강조하면서 자유로운 대화를 통한 상호 합의가 있어야 한다고 주장하였다. 이를 위해 하버마스는
올바른 대화의 기준으로, 서로 무슨 뜻인지 이해할 수 있고, 그 내용이 참이어야 하며, 상대방이
성실히 지킬 것을 믿을 수 있고, 말하는 사람들의 관계가 평등하고 수평적이어야 함을 제시한다.
이렇게 이루어진 담론을 통해 우리는 보편적 도덕 규범에 합의할 수 있고, 그 도덕 규범에 따라
갈등을 바람직한 방향으로 해결할 수 있다. 인간은 고립되어 살아가지 않으며 사회의 일부로서
공동체의 일에 참여하고 서로 긴밀하게 연결되어 있다. 사회 구성원들 간에 담론 윤리를 바탕으
로 한 소통과 연대가 필요한 이유이다. 국가는 이들의 자유로운 담론 교환을 보장하고 그 결과
를 정책에 반영해야 한다.  사회 구성원들이 도덕 규범에 따라 대화에 참여하고 합의를 지향하
는 열린 태도를 가져야 사회 갈등을 극복하고 통합에 이를 수 있다.
(나)
단층선 분쟁은 서로 다른 문명에 속한 국가나 무리 사이의 집단 분쟁이다. 단층선 분쟁은 폭
력을 동반한 전쟁으로 비화하기도 한다. 이 전쟁은 나라들 사이에서, 비정부 집단들 사이에서,
혹은 나라와 비정부 집단 사이에서 일어날 수 있다. 나라 안의 단층선 분쟁은 지리적으로 명확
히 구분된 지역에 다수의 인구가 거주하는 집단들 간에 벌어지는 충돌이다. 이는 지리적으로 혼
재되어 있는 집단들 사이에서도 발생한다. 인도의 힌두교도와 이슬람교도, 말레이시아의 이슬람
교도와 화교처럼 지속적인 긴장 관계가 폭력으로 분출되거나, 신생국이 들어서면서 국경선이 확
정되고 주민들을 강제로 이주시키려는 시도가 강행되어 전면전으로 치닫기도 한다. 단층선 분쟁
은 때로는 주민들을 장악하려는 투쟁의 양상으로 나타나지만 대개는 영토 분쟁의 양상을 띤다.
당사자들 중에서 최소한 한 진영의 목표는 그 지역의 통합을 위해 영토를 점령한 뒤 다른 진영
사람들을 내쫓거나 죽이거나 둘 다를 감행함으로써, 다시 말해서 ‘민족 청소’를 함으로써 이 지역
에서 다른 진영 사람들이 뿌리내리지 못하도록 만드는 데 있다. 갈등을 빚는 영토는 한 진영에
게 또는 양 진영 모두에게 자신들의 역사나 정체성과 관계가 있는, 고도의 상징성이 깃든 지역
이다. 그 성스러운 땅은 신성불가침의 권리를 가진다고 그들은 믿는다. 요르단 강 서안, 캐슈미
르, 나고르노-카라바흐 드리나 계곡, 코소보가 그런 곳들이다.
(다)
'도심 속의 거리 박물관'으로 불리는 북촌도 관광 명소로 주목받으며 개발과 보존을 둘러싼 갈
등을 비켜갈 수 없었다. 일부 주민들은 관광객 안내소 건립에 대해 ""북촌 고유의 모습을 훼손하
는 일""이라며 반대하고 나섰다. 반면, 지자체와 다른 주민들은 적극적 개발을 통해 지역 사회 발
전의 기회로 삼아야 한다고 목소리를 높였다. 
안내소는 계획대로 건립됐다. 결과만 놓고 보면 주무 기관인 구청과 건립을 찬성하는 주민들
의 일방적 승리처럼 보이지만, 그 과정을 살펴보면 그렇게만 볼 게 아니다. 구청은 갈등 해결 과
정에서 과거처럼 일방적으로 결정하고 강하게 밀어붙이는 행정 방식을 탈피했다. 주민 정서와 의
견을 반영해 이해 당사자들 간의 대화와 협의를 시도했다. 전문가 설명회, 주민 간담회, 지역 단
체 회의 등 주민들과의 대화가 여러 차례 열렸다. 그 결과 설계안이 변경됐고, 완공도 당초 계획
보다 지연됐다. 이런 과정을 거쳐 다양한 의견을 통합한 최종안이 나왔고, 일부 반대 의견은 잦
아들었다. 한 주민은 ""주민들 사이에 갈등이 있었는데, 모두 최종 합의에 따라주었다.""라며 ""상호
합의한 뒤에는 추가 이견 없이 안내소 건립이 신속히 진행될 수 있었다.""라고 전했다."
8,20220701,2022,7월,1주차,"【논제】 제시문 (가)와 제시문 (나)의 ‘경쟁’에 대한 견해를 비교하시오. (300자 내외)
(가) 인간을 공격적이고 이기적인 존재로 보았던 영국의 철학자 토머스 홉스 역시 경쟁심은 인간
의 본능이라고 말했습니다. 인간의 본성 중에는 싸움을 불러일으키는 세 가지 요소인 경쟁심, 소
심함, 명예욕이 있는데, 특히 경쟁심은 인간이 필요한 무엇인가를 얻기 위해 다른 사람과 투쟁하
도록 만든다는 것입니다. 이런 점들로 보아, 경쟁은 우리 삶에서 떼어 낼 수 없는 불가피한 것입
니다. 따라서 우리에게는 경쟁을 부정하는 것이 아니라, 경쟁의 긍정적인 힘을 배우고 활용하는
지혜가 필요합니다.
 그럼에도 불구하고 경쟁 그 자체를 부정하거나 경쟁 논리라면 무조건 반대하는 사람들이 있습
니다. 이들은 경쟁이 서로를 적대시하게 만들어 인간관계를 해친다고 비판합니다. 효율성과 적자
생존의 법칙을 앞세운 경쟁 논리는 경쟁에서 탈락한 사람들을 도외시한 채, 결국 강자의 이익만
을 대변한다는 것입니다. 그러나 이는 경쟁에 대한 오해입니다. 경쟁은 경쟁자를 부정하고 배제
하는 것이 아니라, 서로를 인정하고 그 바탕 위에서 각자의 의욕과 노력을 한층 더 이끌어 내는
긍정적 상호작용이라 할 수 있습니다.
 요즘 사회를 가리켜 유독 ‘경쟁 사회’라 부르며, 승자와 패자를 가혹하게 가르는 약육강식의 비
정함을 비난하는 사람들이 있습니다. 하지만 잘 생각해 보면, 동서고금을 막론하고 인간 사회가
경쟁 사회가 아니었던 적은 찾아보기가 어렵습니다. 우리 사회에서 경쟁은 앞으로도 계속될 것입
니다. 따라서 앞으로의 과제는 경쟁할 것인가 말 것인가를 선택하는 일이 아니라, 공정한 경쟁을
추구하기 위한 방식에 대한 고민을 함께하는 것입니다.
(나) 사람들은 흔히 인간 사회에서 나타나는 경쟁 구도를 설명할 때 찰스 다윈의 ‘진화론’을 언급
하고는 한다. 세상에 존재하는 모든 부조리와 불평등의 근원은 약육강식과 적자생존의 원리이고,
진화론은 이를 잘 뒷받침해 주는 논리라고 생각한다. 하지만 과연 그럴까? 사실, 진화론만큼 많
은 오해를 받은 과학 이론도 드물다.
 다윈이 주목한 지점은 생물체에 일어나는 ‘변이의 다양성’이었다. 다윈은 이러한 변이가 쌓여 점
차 환경에 더 잘 적응된 방식으로 변화한다고 생각했다. 하지만 ‘더 잘 적응한 방식’이 오로지
‘한 가지 방식’뿐이라고 말한 적은 없다. 오히려 자연 선택의 다양성에 대해 더 많은 주의를 기울
였다. 좀 더 구체적으로 말하자면, 다윈은 “변화는 생명체가 환경에 더욱 잘 적응하기 위해서,
번식 행위를 통해 우연히 이루어진다. 그 과정에 어떤 외부의 힘이 개입하여 작용하지 않으며,
모든 생명체는 우열이 없다.”라고 썼다. 이 글 어디에서도 약한 것이 강한 것보다 열등하며, 강
자가 약자를 짓밟아도 좋다는 뜻은 담겨 있지 않다. 다윈은 다양한 생물 종을 관찰한 뒤, 생물체
를 있게 한 원동력은 환경에 적응하며 얻게 된 ‘다양성’이라는 결론을 내렸다.
 다양한 생물 종이 아무리 제각각 다양한 자원을 나누며 살아간다고 해도, 생물의 가짓수에 비
해 자원의 가짓수는 적을 수밖에 없다. 따라서 같은 자원을 놓고 여러 생물 종이 경쟁해야 하는
일은 피할 수 없다. 그러나 실제로 많은 생물 종은 서로를 내쫓기 위해 싸움을 벌이기보다는 서
로 공존하는 방식을 찾고는 한다. 이러한 다양한 예를 들며 실제로 경쟁보다는 공생이 진화의
원동력이라고 주장하는 학자도 많다. 여성 생물학자 린 마굴리스는 공생 진화론을 주장하는 학자 
의 한 사람이다. 공생 진화론에 따르면, 생명체는 한정된 자원을 놓고 서로 경쟁하기보다는 한발
물러서서 상부상조 전략을 추구한다. 지의류는 잘 알려진 공생 생물이다. 얼핏 보기에는 이끼처
럼 보이는 지의류는 사실 곰팡이나 버섯 같은 균류와 파래나 청각 같은 조류가 한데 어우러진
생물체다. 지의류의 공생 관계는 너무도 밀접하여 이 둘을 분리하면 단독 생활을 할 수 없을 정
도로 서로에 대한 의존도가 강하다. 지의류는 균류와 조류가 합쳐서 진화한 새로운 생물 종이라
고 생각될 정도이다.
 이처럼 진화론은 태생부터 경쟁보다는 공존의 논리에 바탕을 두고 있었는데, 우리는 오래도록
이를 알아차리지 못하는 실수를 저질렀다. 하지만 이제 세상은 변하고 있다. 획일성과 경쟁, 반
목과 전쟁이 난무하던 시대는 가고, 다양성과 화합, 공존과 더불어 사는 삶이 최대의 가치가 되
는 시대가 오고 있다."
5,20220702,2022,7월,2주차,"【논제】 (가)를 바탕으로 (나)와 (다)에 나타난 인간과 자연의 관계에 대한 화자의 인식을
비교하여 논하시오. (300~400자)
(가)
근대세계에 접어든 이후 인간의 가치를 중요시하고 인간 이외의 다른 모든 자연의 존재들을
인간의 목적을 위해 활용할 수 있는 물질적 수단으로 생각하는 태도가 점차 확산되면서 자연 파
괴가 급속하게 진행되었다. 그 결과 오늘날의 지구촌에서는 지구 온난화와 사막화뿐만 아니라 이
상 기후 현상, 오존층 파괴, 생물종 다양성 감소, 산성비 등 각종 문제가 발생하고 있다. 지구의
생존 자체가 위협받고 있는 상황인 만큼 이러한 문제들을 해결하고 자연과의 조화로운 관계를
모색하는 일이 인류 공동체의 핵심과제로 우리 앞에 놓여 있다. 따라서 지구촌의 번영을 위해
생태 문제를 인류의 도덕적 ·윤리적 문제로 인식하고 환경 보존을 실천하는 태도가 필요하다.   
- 『고등학교 사회』
(나)
밤에 고속도로를 달리다 보니 차창에 무언가 타닥타닥 부딪치는 소리가 났다. 처음엔 그저 속
도 때문에 모래 알갱이 같은 게 튀는 소리려니 했다. 다음 날 아침 출근을 하려는데 유리창은
물론이고 앞 범퍼에 푸르죽죽한 것들이 잔뜩 엉겨 있었다. 그것은 흙먼지가 아니라 수많은 풀벌
레들이 달리는 차체에 부딪쳐 죽은 잔해였다. 마치 거대한 모터 주위에 두텁게 쌓여 있는 먼지
뭉치처럼 말이다. 그것을 닦아 내려다 나는 지난밤 엄청난 범죄라도 저지른 사람처럼 손발이 후
들후들 떨려 도망치듯 세차장으로 갔다. 그러나 세차 기계의 물살에도 엉겨 붙은 풀벌레들의 흔
적은 완전히 지워지지 않았다. 운전대를 잡을 때마다 풀 비린내는 몸서리쳐지는 기억으로 남았
고, 나는 손을 씻고 또 씻었다.
시속 100킬로미터 정도의 속력에 그렇게 많은 풀벌레가 짓이겨졌다는 것도 믿기 어려웠지만,
이런 살상의 경험을 모든 운전자들이 초경처럼 겪었으리라는 사실이야말로 나에게는 예상치 못
한 충격이었다. 인간에게 안락한 공간이 다른 생명을 해칠 수 있다는 자각이 그제서야 찾아왔다.
옛날 티베트의 승려들은 입을 열어 말을 할 때마다 공기 중의 미생물을 죽이게 될까 봐 얼굴
에 일곱 겹의 천을 두르고 다녔다고 한다. 그걸 생각하면 자동차를 몰고 다닌다는 것 자체가 엄
청난 살생 행위라고도 말할 수 있을 것이다. 그렇다고 하루아침에 차를 없앨 수도 없는 형편이
어서 나는 자동차에 대한 태도를 정리할 필요를 느꼈다. 차를 유지하되 사용을 최소화하고 의존
도를 낮추는 선에서 타협할 수밖에 없었다. 그리고 그 '감성적 기계'의 편안함에 길들여지려는
순간마다 그것이 풀 비린내뿐 아니라 피비린내를 불러올 수도 있다는 자각을 잊지 않으려고 한
다.
운전을 시작하기 전까지 나는 걷기 예찬자였고, 인공적인 공간보다는 자연 속에 머물기를 누
구보다 좋아했다. 그러나 차를 소유하고부터는 생태적인 어떤 발언도 할 자격이 없다는 생각이
들곤 한다. 차를 소유하되 그에 종속되지 않는다는 것, 이런 아슬아슬한 줄타기가 앞으로 얼마나 
지속될 수 있을지 모르겠다. 다만 그날 아침의 풀비린내가 원죄 의식처럼 내 손에 남아 있을 따
름이다.
(다)
- 나희덕, <풀 비린내에 대하여>, 『고등학교 문학』
산에 올라 산나물을 따다 보니 알겠네.
저 벌레도 사람살이의 길을 가르쳐 준다는 것을
명아주 수리취 화살나무 훗잎까지 사람이 먹을 수 있는 것은 벌레도 먹고 있다는 것을
마치 길라잡이처럼 벌레가 먼저 먹고 있다는 것을
그동안 벌레가 먹은 잎은 벌레를 보듯 모두 버렸었다.
된장 속에서 맛있게 익은 깻잎도 벌레 자국이 있는 것은 먹지 않았다.
그러나 보라, 산그늘 수풀 속에 숨어 있는 이름 모를 잎도
사람이 먹을 수 있는 것은 벌레가 먼저 깃들어 있다는 것을
무슨 징표처럼, 잠식과도 같은 자국을 만들고 있다는 것을
산속 수풀을 헤치며 산나물을 따 보니 알겠네.
그 이름 모를 풀의 잎에 새겨져 있는 벌레 먹은 자국이
이렇게 사람살이의 지도가 된다는 것을. 그리고 지난날
허기에 겨운 보릿고개를 넘을 때, 수풀 속 이름 모를 풀의 잎에 새겨진
그 벌레의 길을 따라 구황의 세월 견뎌 왔으리라는 것을.
내 이제야 알겠네. 사람이 먹지 못하는 것은 벌레도 먹지 않는다는 것을
길바닥에 깔린 질경이의 잎에도 그 벌레의 길이 새겨져 있다는 것을.
- 김신용, <벌레길>, 『고등학교 문학』"
4,20220703,2022,7월,3주차,"【논제】 제시문 (가)와 (나)를 비교하시오. (200자 내외)
[가] 플라톤의 이상주의 윤리는 이데아(idea)의 세계와 현실의 세계라는 구분을 바탕으로 한다.
그에 따르면 이데아는 사물의 불변하는 본질이다. 예를 들어 현실에는 아름다운 사람, 아름다운
노을, 아름다운 그림 등이 존재하는데 이때 이 모든 것들을 아름답게 만드는 것, 즉 아름다움의
본질이 아름다움의 이데아이다. 마찬가지로 현실에 존재하는 수많은 삼각형을 삼각형이도록 하는
삼각형의 본질이 삼각형의 이데아이다. 반면 우리가 현실에서 보는 아름다움이나 삼각형은 불완
전한 것으로서 이데아를 모방한 그림자에 불과하다. 플라톤은 이러한 이데아와 현실의 관계를 동
굴의 비유를 통해서 보다 구체적으로 설명한다.
 우리는평생동안계속동굴안에묶여있는죄수와같아서오직우리앞에놓여있는동굴의
벽면만을쳐다볼수있다.그리고죄수들뒤에있는담위로사람들과여러동물들의상이지나
가게되어벽면에는그들의그림자만비치게되며담의뒤쪽에는빛의근원이되는불이타오르
고있다.벽면의그림자외의다른어떤것도보지못하고그림자가비치게되는체계를전혀
알지못하는죄수들은그림자가진정한사람과동물이라고굳게믿을것이다.-플라톤,“국가”
 위의 동굴의 비유를 통해 알 수 있는 것처럼, 그림자는 이데아를 어느 정도 반영하기는 하지만
이데아 그 자체는 아니다. 그럼에도 동굴에 갇힌 이들은 오로지 그림자의 모습만을 보기 때문에
그림자를 사물의 불변하는 본질, 즉 이데아로 착각한다. 따라서 플라톤은 그림자의 세계에서 벗
어나 참된 실재*인 이데아의 세계로 나아가야 한다고 주장하였다.
- 『고등학교 윤리와 사상』
*실재(實在): 실제로 존재함 또는 사물의 본질적 존재
[나] 아리스토텔레스는 플라톤의 아카데메이아* 학당에서 오랜 기간 머물면서 그의 사상에 많은 영
향을 받았다. 그는 플라톤의 영향을 받아 인간과 사회의 본질에 대한 깊은 관심을 보였으며, 인간
의 이성을 중심으로 하는 윤리 사상을 전개하였다. 하지만 그의 윤리 사상은 플라톤과는 달리 이
상과 더불어 현실을 중시하는 방향으로 나아갔다. 다음 그의 글을 살펴보자.
 실재로서존재하는것(실체)과그것이실재하도록하는것(이데아)이서로분리되어존재한다는
것은불가능하다.어떻게사물들의실체인이데아가실재존재하는사물과분리되어존재할수
있겠는가?-아리스토텔레스,“니코마코스윤리학”
 이처럼 아리스토텔레스는 플라톤이 이데아의 세계와 현실의 세계를 구분한 것을 비판하면서, 이
세상에는 수많은 개별적인 실체들로 이루어진 하나의 세계라고 주장하였다. 따라서 그는 선(善)
또한 이데아의 세계가 아닌 우리가 사는 현실 세계에 존재하며 현실 세계에서 실현되어야 하는
것이라고 주장하였다. 
 (……) 그에 따르면 인간이 진정한 행복을 누리기 위해서 필요한 것은 덕(德)이 있는 삶이다.
(……) 아리스토텔레스는 이러한 덕의 실현에 있어 사회적 측면도 중요하다고 보았다. 덕이 있는
사람이 되기 위해서는 공동체의 구성원으로서 사회적 책무에 충실해야 하며, 따라서 사회 내에서
주어지는 의무와 바람직한 역할을 고려하는 것이 마땅하다고 보았기 때문이다.                
* 아카데메이아(Acadēmeia): 기원전 387년경에 플라톤이 고대 그리스의 아테네 교외에 세운 학교
- 『고등학교 윤리와 사상』"
2,20220704,2022,7월,4주차,"【논제】 (가)와 (나)를 비교하시오. (150~250자)
(가) 시장은 상품매매를 위한 공간이다. 하지만 시장의 ‘지혜’나 ‘숨겨진 손’과 같은 표현에서 알
수 있듯이 시장은 어느 순간 신(God)이 되었다. 이 믿음은 지난 30년간 세계를 장악해온 자유
무역과 민영화를 뒷받침해 왔다. 이는 부유한 국가의 기업들과 개발도상국의 지배층에게는 유리
하게 작용했던 반면, 세계 전반에 불평등과 빈곤, 부채를 심화시켰다. 세계무역기구(WTO)의 금
융서비스 자유화 규정은 위험할 정도로 통합된 글로벌 시스템을 창출했다. 서구 대부분의 정치권
과 기업계 리더들은 여전히 자유무역 모델이 마치 유일한 방안인 것처럼 행동하고 있다. 다른
모든 대안들은 ‘경제적 민족주의’나 ‘보호무역주의’로 간주되고, 1930년대 대공황과 같은 경제적
재앙의 원인으로 비난받고 있다. 하지만 이는 부적절한 지적이다. 국제무역이 합리적이고 융통성
있는 방식으로 행해졌다면 지역경제나 환경을 파괴하지 않았을 것이다. 세계무역기구는 공정성과
민주주의 및 환경적 책임을 위해 해체되어야 한다. 국가 간 무역협상에서 각국은 자국 국민에게
피해나 빈곤을 야기하지 않는 정책을 자유롭게 채택할 수 있어야 한다. 특히 개발도상국들은 다
국적 기업의 활동으로부터 지역 환경을 보호할 수 있어야 한다. 보조금과 관세 또한 무역 전략
들 중 하나로 활용 가능해야 할 것이다.
(나) 경제 개방은 경제 성장을 촉진하는 중요한 요소이다. 자유무역으로 인해 기업은 경쟁력 제
고에 힘쓸 수밖에 없으며, 이는 결국 생산 과정 개선과 합리화로 이어진다. 이것은 또 기업이 혁
신과 기술진보에 매진하는 중요한 요소가 되는데, 혁신과 기술 진보는 조지프 슘페터가 주장한
것처럼 경제성장을 추동하는 핵심 요소이다. 자급자족 경제를 추구하는 국가들은 현상 유지에만
힘쓰며 국가 경쟁력 제고는 등한시한다. 그러나 임금인상, 노동시간 단축, 투자확대를 가능하게
하는 것은 생산성 향상뿐이기 때문에 경제성장과 발전을 위해 생산성 향상은 반드시 필요하다.
시장 개방으로 새로운 기업들이 시장에 진입할 수 있다. 시장에 새로운 기업들이 진출하면 경쟁
이 심화될 것이고 가격과 생산량은 더욱 효율적인 수준에서 결정될 것이다. 시장이 경쟁 균형에
가까운 상태에서 가격과 상품수량이 정해지기 때문이다. 자유무역은 전문화, 즉 국제 노동 분업
을 발생시킨다. 각 국가는 비교 열위 또는 절대 열위인 상품의 생산을 포기하고 비교 우위 또는
절대 우위를 누릴 수 있는 상품 생산에 특화한다. 그 결과 국가 간 국제노동 분업이 형성된다.
국제노동 분업의 이론적 장점은 무궁무진하다. 각 국가는 특정제품의 생산을 확대할 수 있고 따
라서 규모의 경제와 그와 관련된 여러 이득을 누릴 수 있다. 게다가 국제 노동 분업으로 세계
생산성은 최적화 상태에 도달할 수 있다. 각 재화가 그 재화를 생산하는 데 가장 유리한 국가에
의해 공급되기 때문이다. 따라서 이론상 국제무역에 참가하는 국가는 모두 이득을 얻는다."
21,20220801,2022,8월,1주차,"【논제】  (가)를 바탕으로 (나)∼(마)에서 밑줄 친 주체들을 두 유형으로 분류하고, 각 주체에
나타난 행동 특성을 요약하시오. (350자 내외)
(가)
 1860년 러시아의 소설가 이반 투르게네프는 인물의 유형에는 ‘햄릿형’과 ‘돈키호테형’이 있다고
분석했다. 햄릿형은 행동에 따른 위험과 그로 인한 불안감 때문에 사색에 몰두하거나 다양한 가
능성을 타진하는 인물이다. 다시 말해 쉽게 행동하지 않고 신중하게 접근하는 사람을 일컫는다.
이에 반해 돈키호테형은 결과에 대한 불확실성과 그에 따른 위험을 감수하면서도 과감하게 도전
하는 사람을 일컫는다.
- 고등학교 교과서『문학』, 한국경제(2016. 5. 6) 재구성
 피카소는 현대미술의 새로운 영역을 개척한 선구자이며 미술사
를 통틀어 가장 카리스마 넘치는 화가로 손꼽힌다. 그는 이미 엄
청난 가격에 그림을 팔 수 있었던 블루칩 화가였지만, 안주했다
고 느끼는 순간 모험을 감행하면서 새로운 영역에 도전했다. 일
반적으로 고객들은 익숙한 것에 끌리기 때문에 생소한 형식 혹은
실험성이 강한 그림은 미술시장에서 환영받지 못한다. 그럼에도
불구하고 피카소는 당시에 잘 팔리던 그림을 스스로 포기하고 기
존의 미술 전통에서 벗어난 입체적이고 기하학적인 형태의 실험
피카소 <우는 여인>
적인 작품에 과감하게 도전했다.
- 고등학교 교과서『미술』, 매일경제(2010. 7. 9), 조선일보(2015. 2. 14) 재구성
(나)
(다)
 여진족이 북방 변경을 계속 침공하자, 선조가 조정의 고위 신료에게 방책을 아뢰도록 하였다.
이에 서애 유성룡이 다음과 같은 자질을 지닌 장수를 변경에 파견하여 방어할 계책을 올렸다.
 “첫째, 화(禍)의 근원을 막는 것입니다. 오랑캐가 비록 어리석고 우둔하지만 마음으로는 시비를
가릴 줄 아니, 변경의 장수가 청렴하고 신중하다는 소문을 들으면 이마를 조아릴 것이지만, 포악
하고 탐욕하다는 소문을 들으면 침을 뱉을 것입니다. 무장 가운데 청렴하고 신중한 사람을 천거
받아 변경에 장수로 파견하고, 비리를 저지르면 천거한 사람까지 벌하소서.
 둘째, 장수가 방비를 튼튼히 하고 공격과 수비를 신중하게 결정하는 것입니다. 먼저 방어시설을
튼튼히 하고 대비책을 잘 세워 적이 감히 침범할 수 없게 해야 합니다. 그런 다음 장수가 형세
를 세밀하게 살피고 대응책을 마련하여, 승산이 있으면 공격하고, 형세가 어려우면 중단하면 됩 
니다.
 셋째, 장수가 적의 실정을 잘 살펴 기미(機微)*에 맞게 신중하게 대처하는 것입니다. 옛날 장수
들은 방략을 세우고 적의 정세를 잘 살펴 대처했기 때문에 군사를 동원하면 이롭지 않은 적이
없었습니다. 그렇지 않으면 출동해야 할 때 정지하고 정지해야 할 때 출동하게 되니, 장님이 눈
먼 말을 타고 한밤중에 깊은 연못에 이르는 것처럼 매우 위험할 것입니다.”
* 기미(機微) : 어떤 일이 일어나거나 성사될 수 있는 분위기
- 『서애선생문집』제14권 재구성
(라)
 나의 말을 들은 실뱅은 “저기로 뛰어들겠다고? 이봐, 굉장한 장소를 골랐군. 난 안 할래. 나도
탈출은 하고 싶지만 자살하고 싶은 생각은 없어.”라고 무척 놀란 듯 말했다. 그는 사흘 전에 디
아블*에 도착했고, 당연히 나는 그에게 함께 떠나자고 제안했다. 각자 하나씩 올라타고, 만일 그
가 제안을 받아들인다면 그랑테르에서 다음 탈출을 준비할 동지가 생기는 것이다.
 (중략)
 나와 실뱅은 파도가 부서지는 순간에 몸을 날렸고, 리제트는 서로 나란히 붙어 있는 두 뗏목을
현기증이 날 정도의 속도로 바다를 향해 뿜어냈다. 채 5분도 못 되어 우리는 해안에서 300미터
는 떨어졌다. 실뱅은 아직 뗏목에 올라앉지 못했다. 나는 곧바로 올라앉았다.
 (중략)
 우리는 그 깊고 높은 파도와 함께 오르락내리락하면서 무사히 드넓은 바다에 들어섰다.
* 디아블 : 주인공이 수용된 악마의 섬
- 앙리 샤리에르 저, 문신원 역,『빠삐용』재구성
(마)
 우리나라의 글로벌 경쟁력이 최근 들어 약해지고 있습니다. 왜 그럴까요? 제 개인적인 생각을
말씀드리겠습니다. 우리 기업들에게는 실패를 용인하지 않는 풍조가 만연해 있습니다. 그렇다 보
니 리더들이 실패하지 않기 위한 의사결정을 합니다. 해외 법인에서도 리더들은 현지 책임자로서
주도적 역할을 수행해야 하지만, 본사로부터 “앞서 나가지 마라”라는 꾸지람을 들을까 봐 “본사
와 논의해 보겠습니다”라는 식으로 의사결정을 미루거나 신속한 집행을 회피합니다. 이러한 분위
기야말로 글로벌 경쟁에서 우리 기업들이 뒤처지는 원인이 되고 있습니다. 시급성을 깨닫지 못하
고 지나치게 신중하다 보니 요즘처럼 급변하는 사업 환경에서 타이밍을 놓치는 경우가 많습니다.
그 결과, 해외 기업들에게 선두를 내주고 시장에서 조금씩 밀려나는 것입니다.
- 아사이 고이치 저, 임해성 역,『1만 명 리더의 고민』재구성"
19,20220802,2022,8월,2주차,"【논제】 <제시문 1> ~ <제시문 4>는 사회·문화 현상의 특징에 관한 견해를 담고 있다.
제시문을 상반된 두 입장으로 분류하고 각 입장을 요약하시오. (500자 내외)
<제시문 1>
가치소비란 본인이 가치를 부여하거나 만족도가 높은 분야에는 과감히 소비하는 대신 그렇지
않은 분야에서는 합리적으로 소비하는 성향을 말한다. 개인의 가치관에서 비롯되는 가치소비는
다양한 형태로 이루어진다. 사회적 기업의 제품 또는 기부 등의 좋은 의미를 가진 제품을 구매
하는 ‘착한소비’, 평소 좋아하는 스타나 게임, 스포츠 등과 관련한 제품을 구매하는 ‘굿즈소비’, 가
격이 비싸더라도 안전성과 신뢰성이 높은 제품을 구매하는 ‘위안소비’, 돈을 탕진할 때까지 제품
또는 먹거리 등을 가리지 않고 구매하는 ‘탕진소비’ 등이 있다. 최근 유행하는 ‘착한소비’는 소비
문화의 중심축이 된 밀레니얼 세대와 Z세대를 만나면서 새로운 트렌드를 만들며 산업의 판도를
바꿔 놓고 있다. 가치소비는 어떤 보편법칙을 따르는 것 같지 않으며, 하나의 모습으로 정형화하
기 어렵다. 더구나 시장에서는 언뜻 이해되지 않는 모순적인 소비 행태가 존재한다. 예를 들어,
가치소비자는 하나의 제품에서 높은 감성 가치와 저렴한 가격을 동시에 얻으려 한다. 또한 대중
화된 보편소비를 지향하면서도 자신만의 독특한 소비를 포기하지 않는다. 이는 소비자 행동을 예
측하기가 매우 어려워졌음을 의미한다.
<제시문 2>
물이 위에서 아래로 흐르고 계절에 따라 날씨가 바뀌듯이 자연 현상은 인간의 의지나 가치 판
단과 무관하게 존재하므로 몰가치적이다. 하지만 사회·문화 현상은 인간의 의도와 가치가 내포되
어 있어 가치 함축적이고, 자연현상과는 달리 ‘마땅히 그러해야 한다’라는 당위적인 규범도 작용
한다. 따라서 그 시대의 중요한 가치나 규범의 내용을 알면 사람들이 어떻게 행동할지 충분히
예측 가능하다. 예컨대 우리가 웃어른에게 높임말을 하는 행위는 인간의 의도가 담긴 가치 함축
적인 현상이며 마땅히 따라야 한다고 여기는 당위적인 규범이다. 예외가 있겠지만, 한국의 청소
년들은 웃어른에게 존댓말을 하리라 예상할 수 있고 그 예상은 거의 맞다. 사회·문화 현상은 발
생의 원인과 결과가 확률적으로 나타나기 때문에 자연 현상에 비해 예외가 나타날 가능성이 높
을 뿐이다. 사회과학은 사람이 죽으면 장례를 치르는 것처럼 시대와 장소를 초월하여 동일하게
나타나는 보편적인 현상들을 탐구하며, 이를 통해 인간의 행동에 관한 일반 원리를 정립하는 것
이 주목적이다.
<제시문 3>
인간은 가치의 지배를 받는 사회적 존재이지, 경제적 존재도 이타적 성인도 아니다. 우리는 존
중과 소속을 갈망하며, 이것이 우리의 윤리적 가치를 떠받친다. 그러한 윤리적 가치는 전 세계적
으로 시대를 뛰어넘는 다음과 같은 여섯 가지 특징이 있다. ‘배려’라는 가치와 ‘자유’라는 가치는
진화 과정에서 원초적인 자리를 차지한다. ‘의리’라는 가치와 ‘존엄’이라는 가치는 집단을 뒷받침
하는 규범으로 진화했을 것이다. 집단 구성원들은 ‘의리’와 ‘존엄’을 규범으로 준수하고 그 결과로
소속이라는 보상을 얻었기 때문에 그것들을 가치로 내면화했을 것이다. 마찬가지로, ‘공정’이라는 
가치와 ‘위계’라는 가치가 규범으로 진화한 것은 집단 내의 질서 유지를 위해서였을 것이고, 구성
원들은 이 규범들을 준수함으로써 존중이라는 보상을 얻었을 것이다. 가치가 중요한 이유는, 가
치가 요구하는 행동(즉, 우리의 의무)이 욕망을 억제하기 때문이다. 놀랍게도 이처럼 위 여섯 가
지의 가치에서 우리는 거의 무제한으로 의무를 창출하는 방법을 배웠다.
<제시문 4>
전통적으로 로고스는 이성을 가진 인간이라면 누구나 따르게 되어 있는 보편적인 사고의 법칙
을 말하는 것으로 논리적 추론 법칙 같은 것을 말하는 반면, 파토스는 정신에 깃든 개성적이면
서도 격정적인 부분, 곧 예측할 수 없는 비합리적 부분을 가리킨다. 이러한 로고스와 파토스, 즉
질서와 무질서의 두 얼굴 가운데서 우리는 오랫동안 로고스적 질서만이 인간 정신의 본질이라고
믿어 왔다. 이와 달리 파토스는 단지 정신의 예외적이고 일탈적인 요소로만 인식하여 왔을 뿐이
다. 하지만 인간 정신의 파토스적 흔들림이 실제로도 그처럼 부차적이고 쓸모없는 것은 아니다.
오히려 파토스적 흔들림은 개성이 터를 잡고 있는 영역이다. 파토스로 인한 불규칙한 흔들림 때
문에 인간은 조작과 통제의 대상으로 전락하지 않고 오늘의 모습으로 남아 있는지도 모른다. 더
욱 중요한 점은 인간 활동의 가치 있는 많은 부분들이 정신의 흔들림에 의존하고 있다는 사실이
다. 즉, 대상을 기계적으로 묘사하는 활동이 아니라 그것을 창조적으로 변형하는 해석학적 활동
이다. 그와 같은 창조적 변형을 위해서는 사고틀의 헐거움이 요구된다. 인과관계로 꽉 짜여져 옴
짝달싹 못하는 기계적 사고의 틀로부터는 해석학적 상상력이 생겨날 수 없기 때문이다. 흔들림은
인간 정신에서 예외적인 부분이라기보다 오히려 본질 그 자체에 해당한다. 이 점에서 인간은 한
치의 흔들림과 헐거움도보이지 않는 컴퓨터와 구별될 수 있다. 그러므로 자연 현상과 달리 사회·
문화 현상에 대한 이해는 특정 상황 맥락에서 규정되는 행동의 의미를 파악하는 것에서 시작해
야 한다."
